"cpg","beta","se","p","i2","p_het","details"
"cg05693864",0.267,0.0554,1.43e-06,"","",""
"cg06182923",-0.158,0.0379,3.02e-05,"","",""
"cg08696494",0.0753,0.0204,0.000231,"","",""
"cg25664402",-0.166,0.0385,1.64e-05,"","",""
"cg05569176",0.139,0.043,0.00123,"","",""
"cg09370982",0.224,0.0567,7.89e-05,"","",""
"cg07654569",-0.301,0.0873,0.000567,"","",""
