cpg,beta,p
cg00574958,-0.097,0.000000098
cg06500161,0.044,4.2E-10
cg07504977,0.023,0.0000002
cg11024682,0.056,2.5E-10
cg22040809#,-0.021,0.00000032
