cpg,beta,p
cg00574958,-0.06,0.00058
cg06500161,0.026,0.00012
cg07504977,0.017,0.000055
cg11024682,0.041,0.000002
cg22040809#,-0.018,0.0000096
