cpg,beta,se,p,i2,p_het,details
cg12280050,0.00244,0.00041,1.94E-09,,,
cg06577045,0.00059,0.00011,1.52E-07,,,
