cpg,beta,se,p,i2,p_het,details
cg03520448,-0.03443,0.00665,2.29E-07,,,
cg12280050,0.04118,0.00768,8.31E-08,,,
