cpg,beta,se,p,i2,p_het,details
cg01213557,-0.05239,0.01026,3.28E-07,,,
cg14290855,-0.04723,0.00917,2.57E-07,,,
cg16615451,0.01348,0.00258,1.66E-07,,,
cg21868995,0.0045,9.00E-04,4.99E-07,,,
