"cpg","beta","se","p","i2","p_het","details"
"cg06329735",-0.003,0.001329,0.024,"","",""
"cg05353869",-0.004,0.001491,0.0073,"","",""
"cg04231094",-0.002,0.000709,0.0048,"","",""
"cg10909185",-0.004,0.001207,0.00092,"","",""
