"cpg","beta","se","p","i2","p_het","details"
"cg06329735",-0.007,0.003009,0.02,"","",""
"cg05353869",-0.006,0.00283,0.034,"","",""
"cg04231094",-0.004,0.001644,0.015,"","",""
"cg10909185",-0.008,0.003856,0.038,"","",""
