"cpg","beta","se","p","i2","p_het","details"
"cg04983687",-1.4313,0.2466,6.46e-09,"","",""
"cg09249800",-1.4313,0.2486,8.52e-09,"","",""
"cg12819873",-2.7334,0.4816,1.38e-08,"","",""
"cg07908654",-1.931,0.3641,1.14e-07,"","",""
"cg06824199",-2.2349,0.4486,6.28e-07,"","",""
"cg27469152",-2.3969,0.4959,1.34e-06,"","",""
"cg27468224",-2.0956,0.486,1.62e-05,"","",""
"cg13233042",-1.6503,0.3617,5.06e-06,"","",""
"cg13197551",-1.8326,0.4038,5.67e-06,"","",""
"cg07765167",-2.4418,0.5415,6.5e-06,"","",""
"cg09332506",-2.0956,0.4687,7.77e-06,"","",""
"cg17041511",-1.9449,0.4455,1.27e-05,"","",""
"cg24836822",-1.168,0.2685,1.36e-05,"","",""
"cg07970948",-1.4147,0.3254,1.38e-05,"","",""
"cg25854298",-1.5096,0.3659,3.69e-05,"","",""
"cg09635874",2.0899,0.5146,4.89e-05,"","",""
"cg04085542",0.9795,0.2483,7.99e-05,"","",""
"cg03553407",1.4656,0.3887,0.000163,"","",""
"cg12819826",-1.5465,0.4217,0.000245,"","",""
"cg00854799",1.4372,0.3922,0.000248,"","",""
"cg05652668",-1.273,0.3527,0.000307,"","",""
"cg17971837",-2.1037,0.6268,0.00079,"","",""
