cpg,beta,p
cg03581271,0.035,0.00000052
cg06500161,0.018,0.0086
cg07092212,-0.066,0.0000028
cg09613192,0.013,0.00047
cg09694782,-0.031,0.00000047
cg11376147,-0.041,0.0023
cg13016916,0.015,0.00000051
cg17266233,-0.088,0.00000063
cg17971578,-0.019,0.0055
cg22065733,-0.057,0.00000053
cg23899654,-0.068,0.00000061
