cpg,beta,p
cg03581271,0.032,0.000025
cg06500161,0.043,6.9E-09
cg07092212,-0.08,0.00000017
cg09613192,0.021,0.0000003
cg09694782,-0.037,0.000000058
cg11376147,-0.076,0.00000021
cg13016916,0.016,0.0000012
cg17266233,-0.102,0.00000016
cg17971578,-0.039,0.00000027
cg22065733,-0.067,0.000000072
cg23899654,-0.073,0.0000014
