"cpg","beta","se","p","i2","p_het","details"
"cg00574958",-0.06,0.0174,0.00058,"","",""
"cg06500161",0.026,0.0068,0.00012,"","",""
"cg07504977",0.017,0.0042,5.5e-05,"","",""
"cg11024682",0.041,0.0086,2e-06,"","",""
"cg22040809#",-0.018,0.0041,9.6e-06,"","",""
