cpg,beta,se,p,i2,p_het,details
cg04078416,1.00E-04,2.00E-05,4.19E-07,,,
cg15996282,0.002,0.000404,7.25E-07,,,
cg00402617,2.00E-04,3.80E-05,1.29E-07,,,
cg19963313,0.0018,0.000323,2.49E-08,,,
cg15883382,1.00E-04,2.00E-05,8.43E-07,,,
cg09225537,1.00E-04,2.00E-05,4.44E-07,,,
cg08757611,9.70E-05,1.90E-05,2.15E-07,,,
cg25575464,1.00E-04,1.90E-05,1.76E-07,,,
cg02608596,0.0017,0.000316,7.69E-08,,,
