cpg,beta,p,i2,p_het,details
cg24481594,-0.198,1.51E-08,,,
cg03905179,-0.182,0.0000002,,,
cg27469152,-0.181,0.000000226,,,
cg15096815,-0.178,0.000000353,,,
cg01324543,-0.174,0.000000721,,,
cg16290904,0.173,0.000000735,,,
cg26263766,0.173,0.000000872,,,
cg09989037,-0.172,0.000000946,,,
cg18587973,0.17,0.0000012,,,
cg22193912,0.169,0.00000128,,,
cg13714586,0.17,0.0000013,,,
cg05653018,0.169,0.00000143,,,
cg24843380,0.168,0.00000156,,,
