cpg,beta,p
cg22517801,0.061,0.000002904
cg02757456,-0.039,0.001359
cg05375878,-0.012,0.001077
cg26468152,-0.016,0.00003151
cg13839439,0.024,0.0002508
cg03838806,0.034,0.0004209
cg21884122,0.014,0.0001418
