cpg,beta,se,p,i2,p_het,details
cg16691714,0.230808,0.046191,5.83e-07,,,
cg19090128,-0.248764,0.051179,1.17e-06,,,
cg01992590,0.295553,0.063492,3.24e-06,,,
cg00299943,-0.226534,0.049075,3.91e-06,,,
