cpg,hr,p
cg24859528,2.08,0.000000541
cg03348466,0.41,0.000000764
cg02395768,0.43,0.00000377
cg15770702,0.47,0.00000444
cg16720947,0.41,0.00000712
cg22794214,0.45,0.00000784
cg08596308,0.47,0.00000953
cg23282964,0.47,0.00000984
cg21200667,0.46,0.0000109
cg08421934,0.45,0.000012
cg08486432,0.48,0.0000142
cg08352439,2.19,0.0000143
cg25356639,0.48,0.0000148
cg04395703,0.42,0.0000154
cg03171419,0.45,0.0000155
cg26843567,0.53,0.0000178
cg00291478,0.43,0.000018
cg27027151,2.07,0.0000188
cg04182483,0.46,0.0000203
cg10224806,0.54,0.0000275
cg08922032,0.55,0.0000288
cg02905828,0.47,0.0000295
cg16554145,0.5,0.0000302
cg03505866,0.46,0.0000328
cg09763347,2.24,0.0000343
cg06811300,2.19,0.000035
cg00059089,0.56,0.0000374
cg06261066,0.53,0.0000376
cg05347380,0.54,0.000038
cg00271311,0.48,0.0000382
cg06269753,2.24,0.0000384
cg23344241,0.52,0.0000406
cg16360836,0.44,0.0000428
cg15812586,2.04,0.0000439
cg13389508,0.47,0.0000468
cg26531923,0.53,0.00005
cg11393115,0.51,0.0000519
cg16807101,0.47,0.0000521
cg19258183,0.51,0.0000544
cg10159432,2.05,0.000055
cg17343671,0.49,0.0000555
cg09115335,0.57,0.0000564
cg11710912,0.47,0.0000574
cg23942974,2.07,0.0000591
cg15611912,0.46,0.0000696
cg08009711,0.49,0.0000709
cg08800878,1.81,0.0000746
cg04551619,2.1,0.0000749
cg15210307,1.92,0.0000787
cg20437098,0.54,0.0000787
cg01912455,0.51,0.0000815
cg02443816,0.54,0.0000818
cg13573746,0.54,0.0000833
cg23168520,0.52,0.0000888
cg08454546,0.49,0.0000908
cg14474777,0.54,0.000091
cg12644845,0.47,0.0000928
cg03546163,0.55,0.0000946
cg01498231,0.51,0.0000965
cg15789789,1.87,0.0000987
cg15009294,0.46,0.0000988
cg10711528,0.52,0.0000996
