cpg,beta,se,p,i2,p_het,details
cg06040980,0.00976,0.00156,3.56E-10,,,
cg26924496,0.01658,0.00273,1.25E-09,,,
cg14060471,-0.05098,0.00992,2.75E-07,,,
cg14501985,-0.04874,0.00965,4.38E-07,,,
cg03650068,-0.05106,0.01036,8.26E-07,,,
